word,part_of_speech,translation,example,source_date,source_file
"ir","verb","to go","","2025-09-30-12-12","vocabulary/vocabulary-2025-09-30-12-12.md"
"hacer","verb","to make, to do","","2025-09-30-12-12","vocabulary/vocabulary-2025-09-30-12-12.md"
"tener","verb","to have","","2025-09-30-12-12","vocabulary/vocabulary-2025-09-30-12-12.md"
"el gimnasio","noun","gym","","2025-09-30-12-12","vocabulary/vocabulary-2025-09-30-12-12.md"
"la casa","noun","home/house","","2025-09-30-12-12","vocabulary/vocabulary-2025-09-30-12-12.md"
"el trabajo","noun","work (place)","","2025-09-30-12-12","vocabulary/vocabulary-2025-09-30-12-12.md"
"el parque","noun","park","","2025-09-30-12-12","vocabulary/vocabulary-2025-09-30-12-12.md"
"el centro","noun","downtown/center","","2025-09-30-12-12","vocabulary/vocabulary-2025-09-30-12-12.md"
"el supermercado","noun","supermarket","","2025-09-30-12-12","vocabulary/vocabulary-2025-09-30-12-12.md"
"hacer ejercicio","expr","to exercise","","2025-09-30-12-12","vocabulary/vocabulary-2025-09-30-12-12.md"
"hacer la compra","expr","to do the shopping/groceries","","2025-09-30-12-12","vocabulary/vocabulary-2025-09-30-12-12.md"
"hacer la cena","expr","to make dinner","","2025-09-30-12-12","vocabulary/vocabulary-2025-09-30-12-12.md"
"tener hambre","expr","to be hungry","","2025-09-30-12-12","vocabulary/vocabulary-2025-09-30-12-12.md"
"tener sed","expr","to be thirsty","","2025-09-30-12-12","vocabulary/vocabulary-2025-09-30-12-12.md"
"tener sueño","expr","to be sleepy","","2025-09-30-12-12","vocabulary/vocabulary-2025-09-30-12-12.md"
"tener prisa","expr","to be in a hurry","","2025-09-30-12-12","vocabulary/vocabulary-2025-09-30-12-12.md"
"tener razón","expr","to be right","","2025-09-30-12-12","vocabulary/vocabulary-2025-09-30-12-12.md"
"tener suerte","expr","to be lucky","","2025-09-30-12-12","vocabulary/vocabulary-2025-09-30-12-12.md"
"tener X años","expr","to be X years old","","2025-09-30-12-12","vocabulary/vocabulary-2025-09-30-12-12.md"
"tener que + inf.","expr","to have to (must)","","2025-09-30-12-12","vocabulary/vocabulary-2025-09-30-12-12.md"
"tener ganas de + inf.","expr","to feel like (doing)","","2025-09-30-12-12","vocabulary/vocabulary-2025-09-30-12-12.md"
"¿Adónde…?","expr","Where (to)…?","","2025-09-30-12-12","vocabulary/vocabulary-2025-09-30-12-12.md"
"¿Qué…?","expr","What…?","","2025-09-30-12-12","vocabulary/vocabulary-2025-09-30-12-12.md"
"¿Tienes tiempo?","expr","Do you have time?","","2025-09-30-12-12","vocabulary/vocabulary-2025-09-30-12-12.md"
"esta noche","expr","tonight","","2025-09-30-12-12","vocabulary/vocabulary-2025-09-30-12-12.md"
"por la mañana","expr","in the morning","","2025-09-30-12-12","vocabulary/vocabulary-2025-09-30-12-12.md"
"los fines de semana","noun","on weekends","","2025-09-30-12-12","vocabulary/vocabulary-2025-09-30-12-12.md"
"luego","expr","later","","2025-09-30-12-12","vocabulary/vocabulary-2025-09-30-12-12.md"
"temprano","expr","early","","2025-09-30-12-12","vocabulary/vocabulary-2025-09-30-12-12.md"
"ahora","expr","now","","2025-09-30-12-12","vocabulary/vocabulary-2025-09-30-12-12.md"
"más tarde","expr","later","","2025-09-30-12-12","vocabulary/vocabulary-2025-09-30-12-12.md"
"¡Qué bien!","expr","Nice!/Great!","","2025-09-30-12-12","vocabulary/vocabulary-2025-09-30-12-12.md"
"""al"" = a + el (contracción). Ej.","expr","voy al parque.","","2025-09-30-12-12","vocabulary/vocabulary-2025-09-30-12-12.md"
"""del"" = de + el. Ej.","expr","cerca del centro.","","2025-09-30-12-12","vocabulary/vocabulary-2025-09-30-12-12.md"
"ir a + inf.","expr","futuro próximo. Ej.: Voy a estudiar.","","2025-09-30-12-12","vocabulary/vocabulary-2025-09-30-12-12.md"
"tener que + inf.","expr","obligación. Ej.: Tienen que trabajar.","","2025-09-30-12-12","vocabulary/vocabulary-2025-09-30-12-12.md"
"tener ganas de + inf.","expr","deseo. Ej.: Tenemos ganas de viajar.","","2025-09-30-12-12","vocabulary/vocabulary-2025-09-30-12-12.md"
"ser","verb","to be (essence/identity)","","2025-09-30-16-38","vocabulary/vocabulary-2025-09-30-16-38.md"
"estar","verb","to be (state/location)","","2025-09-30-16-38","vocabulary/vocabulary-2025-09-30-16-38.md"
"médico/a","expr","doctor","","2025-09-30-16-38","vocabulary/vocabulary-2025-09-30-16-38.md"
"arquitecto/a","expr","architect","","2025-09-30-16-38","vocabulary/vocabulary-2025-09-30-16-38.md"
"jefe","expr","boss","","2025-09-30-16-38","vocabulary/vocabulary-2025-09-30-16-38.md"
"equipo","expr","team","","2025-09-30-16-38","vocabulary/vocabulary-2025-09-30-16-38.md"
"estación","expr","station","","2025-09-30-16-38","vocabulary/vocabulary-2025-09-30-16-38.md"
"aula","expr","classroom","","2025-09-30-16-38","vocabulary/vocabulary-2025-09-30-16-38.md"
"disponible","expr","available","","2025-09-30-16-38","vocabulary/vocabulary-2025-09-30-16-38.md"
"listo/a","expr","ready","","2025-09-30-16-38","vocabulary/vocabulary-2025-09-30-16-38.md"
"ocupado/a","expr","busy","","2025-09-30-16-38","vocabulary/vocabulary-2025-09-30-16-38.md"
"contento/a","expr","happy","","2025-09-30-16-38","vocabulary/vocabulary-2025-09-30-16-38.md"
"nervioso/a","expr","nervous","","2025-09-30-16-38","vocabulary/vocabulary-2025-09-30-16-38.md"
"enfermo/a","expr","sick","","2025-09-30-16-38","vocabulary/vocabulary-2025-09-30-16-38.md"
"tranquilo/a","expr","calm","","2025-09-30-16-38","vocabulary/vocabulary-2025-09-30-16-38.md"
"cerca (de)","expr","near","","2025-09-30-16-38","vocabulary/vocabulary-2025-09-30-16-38.md"
"en el centro","expr","downtown/center","","2025-09-30-16-38","vocabulary/vocabulary-2025-09-30-16-38.md"
"Adjetivos temporales con estar","verb","«estoy cansado», «está listo».","","2025-09-30-16-38","vocabulary/vocabulary-2025-09-30-16-38.md"
"gustar","verb","to like (literally: to be pleasing)","","2025-09-30-17-00","vocabulary/vocabulary-2025-09-30-17-00.md"
"encantar","verb","to love (things/activities)","","2025-09-30-17-00","vocabulary/vocabulary-2025-09-30-17-00.md"
"interesar","verb","to interest","","2025-09-30-17-00","vocabulary/vocabulary-2025-09-30-17-00.md"
"doler (duele/duelen)","expr","to hurt, to ache","","2025-09-30-17-00","vocabulary/vocabulary-2025-09-30-17-00.md"
"me/te/le/nos/os/les","expr","(to) me/you/him-her-you(formal)/us/you(pl)/them-you(pl)","","2025-09-30-17-00","vocabulary/vocabulary-2025-09-30-17-00.md"
"a mí / a ti / a él-ella-usted / a nosotros / a vosotros / a ellos-ellas-ustedes","expr","emphasis phrases","","2025-09-30-17-00","vocabulary/vocabulary-2025-09-30-17-00.md"
"gusta / gustan","expr","like(s) (singular/plural noun)","","2025-09-30-17-00","vocabulary/vocabulary-2025-09-30-17-00.md"
"duele / duelen","expr","hurts (singular/plural body part)","","2025-09-30-17-00","vocabulary/vocabulary-2025-09-30-17-00.md"
"mucho / un poco / nada / para nada","expr","a lot / a little / not at all","","2025-09-30-17-00","vocabulary/vocabulary-2025-09-30-17-00.md"
"el café / el té","noun","coffee / tea","","2025-09-30-17-00","vocabulary/vocabulary-2025-09-30-17-00.md"
"la música / la película","noun","music / movie","","2025-09-30-17-00","vocabulary/vocabulary-2025-09-30-17-00.md"
"el concierto / el podcast","noun","concert / podcast","","2025-09-30-17-00","vocabulary/vocabulary-2025-09-30-17-00.md"
"el tráfico / el ruido","noun","traffic / noise","","2025-09-30-17-00","vocabulary/vocabulary-2025-09-30-17-00.md"
"la cabeza / la espalda / los ojos / los pies","noun","head / back / eyes / feet","","2025-09-30-17-00","vocabulary/vocabulary-2025-09-30-17-00.md"
"caminar / leer / estudiar","verb","to walk / to read / to study","","2025-09-30-17-00","vocabulary/vocabulary-2025-09-30-17-00.md"
"Con «gustar», concuerda el verbo con la cosa","expr","«me gusta el café», «me gustan las películas».","","2025-09-30-17-00","vocabulary/vocabulary-2025-09-30-17-00.md"
"Usa «a + persona» para claridad","expr","«A Juan le gusta…». Con verbos, usa «gusta + infinitivo»: «Nos gusta leer».","","2025-09-30-17-00","vocabulary/vocabulary-2025-09-30-17-00.md"
